{"cameraMode":{"drawMode":0,"name":"Shaded","section":"Shading Mode"},"sceneLighting":true,"audioPlay":false,"sceneViewState":{"showFog":true,"showMaterialUpdate":false,"showSkybox":true,"showFlares":true,"showImageEffects":true,"showParticleSystems":true},"in2DMode":false,"pivot":{"x":0.09482847154140473,"y":-0.022013740614056588,"z":-0.9231016039848328},"rotation":{"x":-0.146954745054245,"y":0.7848690748214722,"z":-0.20359830558300019,"w":-0.5665091872215271},"size":10.0,"orthographic":false}